Linear_Regression,,,Lasso_Regularization,,,Ridge_Regularization,
sr_no,output,,sr_no,output,,sr_no,output
0,118200.4009,,0,117692.3163,,0,126764.2755
1,187744.7519,,1,187541.3362,,1,196558.3226
2,156250.7352,,2,161170.9477,,2,167966.9033
3,177739.3991,,3,183295.8766,,3,187269.7729
4,221709.2253,,4,216651.8598,,4,217098.3501
5,170890.0615,,5,176070.2438,,5,178821.1789
6,168764.5994,,6,170042.4642,,6,175246.1362
7,161157.3187,,7,164075.7504,,7,166841.7639
8,206839.5963,,8,203313.048,,8,206184.8996
9,86836.16488,,9,85113.46151,,9,93282.64721
10,204628.5956,,10,200814.9491,,10,205719.2064
11,116487.3202,,11,116397.7644,,11,116648.5279
12,98372.181,,12,100180.0725,,12,101091.4133
13,158980.832,,13,163211.1408,,13,162885.6652
14,153158.1821,,14,149883.7633,,14,151588.0559
15,321687.3159,,15,324384.732,,15,322484.0664
16,255274.7653,,16,251326.7545,,16,256026.2093
17,293623.2048,,17,288987.96,,17,291272.6696
18,283041.0158,,18,279988.9407,,18,284676.6715
19,395373.5891,,19,393741.2942,,19,401484.6866
20,296623.5118,,20,299098.5328,,20,300289.8809
21,232551.9745,,21,227851.2443,,21,229392.1196
22,190044.577,,22,187850.8112,,22,198962.2129
23,181768.1819,,23,177333.9117,,23,178126.5746
24,175802.2462,,24,177540.1534,,24,166934.7529
25,202226.279,,25,206440.036,,25,206970.254
26,309658.0952,,26,314968.5468,,26,317319.8732
27,255939.9722,,27,251997.2479,,27,254070.8971
28,195167.0298,,28,191187.4127,,28,195595.4131
29,195087.4454,,29,193022.2805,,29,198594.4819
30,201478.899,,30,205160.7473,,30,208161.3386
31,120822.3801,,31,118640.573,,31,117647.7469
32,197297.1437,,32,197925.3973,,32,194683.117
33,280495.1718,,33,287270.2292,,33,286477.6476
34,279548.4941,,34,283796.7314,,34,283050.2261
35,216137.4962,,35,212812.6285,,35,213656.5598
36,193890.1014,,36,197401.7793,,36,194966.8825
37,159091.6344,,37,159326.8438,,37,158621.4741
38,158370.9512,,38,158580.2737,,38,157447.9467
39,134950.857,,39,136644.5634,,39,136432.0314
40,156080.5704,,40,159533.3754,,40,158534.4517
41,149135.1229,,41,148597.8023,,41,147833.405
42,249029.6718,,42,244473.5199,,42,259315.8772
43,237648.279,,43,240964.6581,,43,239326.5577
44,219917.2107,,44,216726.6513,,44,219572.9597
45,231197.455,,45,232372.4353,,45,237525.4543
46,236586.7241,,46,246783.2912,,46,246894.6353
47,214601.9476,,47,218745.0729,,47,224330.4409
48,173973.5593,,48,180131.7476,,48,174258.4018
49,146575.3636,,49,144862.272,,49,151683.4504
50,144710.466,,50,142938.7789,,50,150017.0426
51,174861.4954,,51,176137.798,,51,182819.3957
52,179085.21,,52,183388.3383,,52,160571.8199
53,199436.5756,,53,201516.0783,,53,209848.2137
54,222031.2636,,54,233123.8607,,54,201994.8835
55,181561.1814,,55,186433.7213,,55,185191.4949
56,167823.7912,,56,171219.8152,,56,178097.6608
57,180517.8003,,57,179888.197,,57,184790.5506
58,218987.696,,58,215768.1267,,58,218774.3229
59,136447.4292,,59,134403.0137,,59,140494.0741
60,145311.2765,,60,143562.2652,,60,151174.1105
61,196646.4782,,61,195241.133,,61,185532.3471
62,106584.6869,,62,110037.9514,,62,115752.1273
63,130428.6848,,63,132730.2076,,63,133363.7091
64,125007.0886,,64,124688.9099,,64,133692.0064
65,127655.1841,,65,125351.5032,,65,135411.8554
66,89087.83209,,66,92342.7451,,66,83222.72365
67,155641.972,,67,162216.0816,,67,167891.31
68,140809.3353,,68,140984.7086,,68,147329.2218
69,190944.7924,,69,192907.026,,69,199475.8716
70,130942.6981,,70,137615.0733,,70,119583.4315
71,116463.8643,,71,117926.7314,,71,123564.37
72,156964.317,,72,159732.0075,,72,165026.681
73,154450.0459,,73,159043.4818,,73,163254.8045
74,162455.5505,,74,170875.2684,,74,177833.0387
75,138166.8136,,75,140018.5942,,75,143855.6773
76,23834.05012,,76,17954.72578,,76,20709.59965
77,231304.8381,,77,240621.2712,,77,244178.6784
78,254426.1583,,78,270230.4517,,78,234840.0916
79,179918.326,,79,185780.0096,,79,172949.4438
80,167575.4609,,80,174442.7701,,80,174265.8086
81,152262.2602,,81,158109.1339,,81,158903.0817
82,234406.491,,82,244105.0941,,82,242067.2798
83,75588.07601,,83,77653.59708,,83,85215.3255
84,137514.2396,,84,142460.1063,,84,146216.6852
85,142917.2797,,85,144874.1169,,85,136157.9081
86,139611.8999,,86,144441.4699,,86,142806.6243
87,159308.664,,87,165961.199,,87,168648.8998
88,104829.3163,,88,110388.0523,,88,114863.2895
89,143582.7314,,89,147228.7058,,89,149671.6469
90,153853.0444,,90,150345.232,,90,156769.6791
91,139230.739,,91,148848.329,,91,151302.7045
92,175476.7995,,92,186053.3217,,92,193003.2974
93,147965.9797,,93,156557.9462,,93,158196.0254
94,188267.794,,94,188376.0973,,94,186457.6404
95,119246.8326,,95,117052.09,,95,120638.2607
96,151971.7164,,96,149970.5281,,96,155508.2798
97,123270.5292,,97,121752.3425,,97,125363.7068
98,123078.3016,,98,123085.0113,,98,112294.5493
99,152210.4618,,99,161664.4638,,99,160984.8502
100,176192.6514,,100,173183.4577,,100,178909.1997
101,115119.1943,,101,116603.538,,101,123252.2261
102,109682.6853,,102,106778.6731,,102,113533.9978
103,156255.5176,,103,154942.3029,,103,157610.7417
104,134598.5396,,104,138984.2576,,104,144625.2102
105,233923.4478,,105,235509.7237,,105,244520.1464
106,71540.21239,,106,67423.46008,,106,71692.52335
107,210799.2617,,107,217037.1847,,107,223419.0276
108,112059.9205,,108,116183.6813,,108,124489.7055
109,151682.1002,,109,153139.7194,,109,143746.1517
110,123854.9821,,110,129413.2137,,110,118048.1612
111,144318.6997,,111,146696.0085,,111,154861.3778
112,231625.9808,,112,228850.1636,,112,237685.7287
113,149804.3464,,113,144125.6888,,113,148455.9032
114,218581.4894,,114,215364.4773,,114,220913.0651
115,192982.9608,,115,202591.8247,,115,206975.0355
116,193555.0463,,116,189516.0672,,116,192732.2189
117,169707.7573,,117,178893.6137,,117,180615.9955
118,120355.755,,118,117980.5463,,118,122371.8201
119,202785.0391,,119,206271.7681,,119,206984.2384
120,138338.1578,,120,142628.6984,,120,155460.3335
121,112210.4208,,121,111467.6111,,121,118574.0365
122,293865.9271,,122,291145.766,,122,293009.2121
123,229871.3923,,123,236493.8112,,123,235929.0525
124,129680.9203,,124,125492.5591,,124,129028.174
125,24343.36917,,125,25775.49196,,125,8596.753918
126,108968.7803,,126,109239.5326,,126,90149.24967
127,145393.633,,127,145726.0126,,127,153542.9333
128,96612.36161,,128,98254.98428,,128,105061.095
129,154770.5658,,129,153636.5719,,129,154408.1777
130,92115.97614,,130,90554.46517,,130,97232.92549
131,144460.1178,,131,145085.114,,131,141042.9888
132,135917.1722,,132,134024.6829,,132,140345.3049
133,150035.0356,,133,170068.2658,,133,131269.9017
134,146884.7248,,134,145881.9744,,134,148043.6841
135,250820.9832,,135,258329.558,,135,272717.2066
136,192820.9168,,136,204494.7676,,136,207547.2517
137,202044.0704,,137,208070.6121,,137,196085.6763
138,197562.8888,,138,193902.4964,,138,192693.0956
139,212066.7585,,139,206695.5071,,139,206699.487
140,2168.924045,,140,1661.919734,,140,10242.53854
141,139156.9206,,141,138888.3964,,141,139531.8301
142,92309.48142,,142,95283.47359,,142,96094.5142
143,253891.2432,,143,249956.0931,,143,246314.6221
144,248066.3951,,144,251771.4549,,144,252826.4972
145,179252.7027,,145,180915.6752,,145,185874.6457
146,250414.6726,,146,250297.9321,,146,251739.8354
147,209960.7554,,147,206485.0154,,147,211793.0736
148,195418.2003,,148,191449.0647,,148,196242.7217
149,125107.9351,,149,129658.5526,,149,118677.2123
150,150692.7437,,150,149491.9385,,150,151273.4922
151,165955.5914,,151,164866.3975,,151,171444.7789
152,159669.0901,,152,158385.4623,,152,166331.8808
153,113309.1677,,153,112580.6499,,153,116252.2678
154,77491.42451,,154,84514.72789,,154,87666.89932
155,72652.72599,,155,73277.87028,,155,74870.98775
156,76171.38084,,156,81072.48394,,156,83878.46851
157,112961.3832,,157,114340.249,,157,121289.2443
158,115693.5254,,158,117166.3021,,158,128446.5731
159,196767.2204,,159,201349.7996,,159,198948.8149
160,121262.899,,160,124588.0221,,160,130385.4282
161,142459.4563,,161,146150.0939,,161,151480
162,273497.6866,,162,270347.6653,,162,266973.8866
163,199066.8553,,163,202941.4901,,163,207722.495
164,142121.8147,,164,138367.9261,,164,147260.687
165,191596.555,,165,189418.4021,,165,194935.7455
166,177268.9384,,166,180594.6709,,166,184109.0206
167,265046.8967,,167,272876.464,,167,271891.6597
168,187320.2835,,168,190156.787,,168,166250.7801
169,334187.3635,,169,333319.5412,,169,317912.651
170,241543.063,,170,237241.0109,,170,236004.0309
171,264325.9063,,171,260915.7392,,171,255538.7547
172,171635.0882,,172,173242.9963,,172,159521.0108
173,176076.9635,,173,179542.3074,,173,181224.2657
174,160248.8713,,174,164336.1372,,174,166911.858
175,164993.9585,,175,161966.5316,,175,165915.3116
176,176123.2402,,176,186015.8762,,176,198370.5806
177,230396.2544,,177,238290.5598,,177,227382.4478
178,210396.1528,,178,211349.7589,,178,206583.5454
179,274921.5318,,179,288779.81,,179,267993.3345
180,203908.3606,,180,203160.7455,,180,183652.793
181,213411.1763,,181,217979.1625,,181,213174.5288
182,242902.975,,182,245875.7284,,182,244367.7915
183,236883.7691,,183,239874.2882,,183,239113.2305
184,186851.6476,,184,190592.9225,,184,197369.327
185,163057.6288,,185,162045.1641,,185,169049.1664
186,194322.803,,186,190354.6005,,186,195258.4617
187,139729.5349,,187,137789.5132,,187,143634.0995
188,131447.0787,,188,133419.9813,,188,140984.3991
189,85426.36361,,189,85734.3717,,189,93698.33688
190,89298.33446,,190,91820.20826,,190,101642.2091
191,116487.3202,,191,116397.7644,,191,116648.5279
192,118252.0179,,192,120300.6344,,192,121161.0129
193,159340.5064,,193,162787.1919,,193,161284.0121
194,172270.0871,,194,167523.6443,,194,168075.5217
195,157290.2433,,195,159385.0418,,195,158493.8559
196,159400.6529,,196,162849.4988,,196,161381.9518
197,157306.354,,197,159401.7312,,197,158520.0897
198,152969.1504,,198,149687.9417,,198,151280.2454
199,134053.8807,,199,136572.636,,199,134442.4153
200,352719.1044,,200,358820.9363,,200,356772.4967
201,327190.1665,,201,335553.5775,,201,332535.9307
202,325134.2092,,202,321513.3582,,202,323399.4627
203,412801.7571,,203,410167.2128,,203,407996.4981
204,297298.9864,,204,292781.9114,,204,294994.1602
205,282188.8166,,205,279120.7247,,205,285672.1301
206,312184.999,,206,319208.6734,,206,325456.8184
207,296560.9498,,207,292022.4853,,207,293269.04
208,276351.5667,,208,271208.6593,,208,272380.5094
209,305349.3368,,209,301160.3971,,209,302909.9004
210,250640.9875,,210,248456.247,,210,253635.1078
211,369354.3546,,211,367164.2767,,211,369667.602
212,276228.5067,,212,284644.6299,,212,283207.3576
213,257500.6401,,213,253625.3113,,213,255744.2821
214,180829.5337,,214,178292.3577,,214,181931.1886
215,173970.8166,,215,171206.2474,,215,173860.8506
216,209446.7077,,216,205944.2874,,216,210294.2225
217,397855.8231,,217,394666.4008,,217,395671.6568
218,320210.1125,,218,318355.2384,,218,322680.446
219,306874.4737,,219,302647.3522,,219,301768.8243
220,265060.461,,220,259497.129,,220,259047.5503
221,275424.9887,,221,272139.4795,,221,278828.7189
222,206789.5508,,222,203159.1874,,222,203379.8108
223,185763.0668,,223,188037.1187,,223,191215.3084
224,160878.0786,,224,164410.329,,224,167277.7738
225,188877.5094,,225,184671.2425,,225,185234.6889
226,171649.9943,,226,173238.7523,,226,160173.416
227,197564.946,,227,200511.3358,,227,201239.1252
228,197092.624,,228,199906.754,,228,202131.9105
229,188268.6351,,229,190253.889,,229,191139.168
230,175873.4176,,230,177063.2536,,230,179005.8041
231,246423.9816,,231,252334.908,,231,252836.9962
232,171972.2073,,232,173572.5392,,232,160698.093
233,164322.1665,,233,167558.6655,,233,169067.0345
234,173184.0073,,234,175103.5068,,234,159434.6701
235,254514.6013,,235,262345.7842,,235,263398.4575
236,175053.9612,,236,179115.4138,,236,164118.5496
237,306690.1517,,237,315393.8835,,237,313476.8761
238,301332.0866,,238,298923.927,,238,299066.3047
239,229574.7879,,239,235440.3333,,239,234117.9626
240,271013.5607,,240,276789.8854,,240,274630.2239
241,267914.6543,,241,264365.211,,241,267552.4906
242,262106.8767,,242,258447.105,,242,259190.2127
243,267342.4227,,243,263770.2357,,243,266263.2237
244,240345.7383,,244,235921.5266,,244,238123.5452
245,367690.7591,,245,365488.4585,,245,363844.4098
246,214584.5535,,246,211222.8766,,246,214225.9022
247,212046.3396,,247,208605.895,,247,212118.4606
248,278814.1994,,248,273708.3099,,248,277167.5548
249,238407.146,,249,234034.0964,,249,232259.8601
250,235234.4316,,250,238619.9661,,250,238762.9166
251,277931.2621,,251,274690.5362,,251,275522.0832
252,238644.6439,,252,236083.9367,,252,239673.7918
253,226508.3043,,253,223532.2412,,253,226671.3051
254,196229.5795,,254,199844.3163,,254,200419.497
255,197350.6044,,255,195524.2057,,255,200789.9781
256,186002.9794,,256,181722.2829,,256,185260.6391
257,162451.3106,,257,159326.9587,,257,163920.6356
258,208454.9947,,258,213437.2787,,258,213346.7756
259,249286.8018,,259,245135.3782,,259,248182.1963
260,189420.0718,,260,185271.9686,,260,192433.4959
261,139083.6141,,261,137144.4714,,261,146514.494
262,138415.5591,,262,136452.4198,,262,145426.6638
263,215201.5994,,263,211856.9788,,263,214396.5721
264,227317.8238,,264,235253.9769,,264,235794.1086
265,176649.099,,265,184162.0517,,265,185090.2373
266,178648.2136,,266,176042.1707,,266,179928.2683
267,189098.2067,,267,191993.4712,,267,193642.2282
268,158739.9465,,268,166025.5521,,268,170368.1999
269,168089.8972,,269,179324.3803,,269,139297.0853
270,122773.3453,,270,120297.2273,,270,127939.1209
271,112163.7699,,271,111423.6627,,271,119213.0145
272,111022.0174,,272,108166.1142,,272,115714.905
273,126213.8934,,273,123839.0911,,273,131264.6967
274,119497.1472,,274,123152.5108,,274,131572.4456
275,115279.29,,275,114633.5794,,275,121426.4159
276,308261.7911,,276,312269.9484,,276,319222.7478
277,218166.5073,,277,228196.775,,277,232876.1608
278,282490.5522,,278,295939.2086,,278,287515.0384
279,212521.6938,,279,210988.6354,,279,211612.3553
280,165385.627,,280,162543.8957,,280,159910.6192
281,156099.9032,,281,159553.4026,,281,158565.9323
282,176614.1238,,282,178704.1242,,282,176350.7795
283,278542.4133,,283,283674.5866,,283,291533.1324
284,251466.1485,,284,249318.3449,,284,256170.3325
285,267270.8313,,285,274789.8234,,285,224476.0849
286,231327.2616,,286,238607.8748,,286,218346.5899
287,237588.1792,,287,253980.5385,,287,239468.8991
288,155228.7593,,288,153880.6509,,288,158302.6493
289,169577.6981,,289,166688.1649,,289,172069.3646
290,249604.358,,290,261038.7612,,290,246455.7877
291,110693.4044,,291,109900.4816,,291,116818.7388
292,178526.1966,,292,177838.1897,,292,183692.3411
293,234049.7997,,293,239378.7218,,293,239593.416
294,185256.2963,,294,183060.84,,294,189065.2246
295,90471.28349,,295,93024.34402,,295,101764.83
296,113526.7753,,296,114910.4116,,296,123071.4023
297,125315.4657,,297,125417.6318,,297,118786.8906
298,182176.8808,,298,184941.1296,,298,163674.7493
299,155773.9833,,299,156436.5378,,299,163475.1336
300,153247.5086,,300,151752.1896,,300,158973.3546
301,170730.5365,,301,183847.1405,,301,181767.2753
302,198756.5549,,302,199564.6458,,302,189995.26
303,120890.8428,,303,118354.4023,,303,126065.3104
304,215429.6417,,304,214034.9127,,304,218140.4872
305,195568.6144,,305,195600.9901,,305,201910.6054
306,214236.9125,,306,219057.4232,,306,228662.2631
307,141478.3141,,307,143715.8445,,307,152568.7081
308,210784.2267,,308,209399.8657,,308,216051.4578
309,153448.639,,309,156287.2888,,309,164306.2424
310,142809.6737,,310,140972.264,,310,147338.9291
311,159926.1914,,311,158637.9342,,311,164486.5491
312,119223.433,,312,118548.0584,,312,127074.6222
313,204972.1078,,313,203050.5286,,313,207362.3208
314,157526.3957,,314,158409.7352,,314,164898.532
315,126504.0506,,315,125036.6732,,315,113368.8113
316,105391.8477,,316,104434.3974,,316,112416.0016
317,130635.85,,317,134647.8988,,317,142620.3554
318,113250.156,,318,112669.6737,,318,66577.5138
319,194037.5834,,319,200909.8806,,319,200957.6661
320,145297.1247,,320,145624.5784,,320,153147.4696
321,49962.72996,,321,48956.89202,,321,56624.99144
322,131348.6718,,322,139395.6969,,322,146336.2559
323,83768.44072,,323,91655.11059,,323,86667.47152
324,135519.2005,,324,137660.7759,,324,145495.3429
325,181646.6308,,325,192544.6526,,325,195300.7618
326,200051.6175,,326,212056.146,,326,198368.9074
327,1653.793638,,327,1342.759304,,327,2620.306006
328,111443.3015,,328,113000.4228,,328,117403.183
329,46869.69048,,329,45959.47219,,329,53055.90329
330,236274.1617,,330,247184.6757,,330,246260.4435
331,189929.7745,,331,191861.0214,,331,198716.7408
332,153761.9584,,332,148293.7532,,332,155162.6257
333,150373.868,,333,155190.3556,,333,163142.7634
334,162348.869,,334,161314.959,,334,168550.4182
335,139016.0797,,335,139014.7174,,335,102258.8298
336,144328.4198,,336,143880.4946,,336,149391.0198
337,127760.9364,,337,127516.501,,337,134065.3282
338,99981.17214,,338,100926.4104,,338,108878.727
339,123329.1296,,339,122055.6578,,339,99345.41284
340,118732.4715,,340,127863.9236,,340,135700.5665
341,173426.2797,,341,179060.2726,,341,174544.858
342,180829.6515,,342,185995.7491,,342,177625.1552
343,121363.308,,343,123000.3392,,343,131244.5073
344,153938.9217,,344,152624.8172,,344,158430.7563
345,161965.1986,,345,169633.4128,,345,173835.5133
346,194978.7152,,346,201652.5989,,346,203587.4698
347,127655.5882,,347,137103.9567,,347,123347.2896
348,134984.4277,,348,145914.9951,,348,141142.0089
349,139218.0279,,349,145867.7335,,349,140991.4683
350,124829.0059,,350,132712.3335,,350,115377.4606
351,137533.6554,,351,141343.4112,,351,146434.9178
352,129308.8277,,352,136227.2139,,352,140443.0988
353,85534.18821,,353,85847.16394,,353,94052.64908
354,-9358.909956,,354,-11321.9267,,354,-29124.86969
355,104542.5954,,355,108026.9147,,355,109906.5617
356,110557.9837,,356,113893.2212,,356,112064.0924
357,200554.6938,,357,211382.843,,357,205697.4589
358,144087.4803,,358,150206.637,,358,150012.6715
359,66608.5001,,359,60402.11984,,359,55897.44885
360,170437.6858,,360,173695.2908,,360,172506.7329
361,167398.4612,,361,175341.3174,,361,178151.9297
362,36905.49117,,362,32338.36564,,362,17119.99925
363,178761.8603,,363,178984.8649,,363,164900.122
364,136734.0492,,364,146004.105,,364,117613.1712
365,110143.5668,,365,110769.4137,,365,99353.85422
366,121164.284,,366,120766.8342,,366,125134.2535
367,149441.785,,367,155253.3337,,367,156304.6764
368,130324.2293,,368,128085.7728,,368,134753.4107
369,189356.587,,369,195655.8045,,369,197864.5941
370,223541.8675,,370,233856.7442,,370,210700.4665
371,168000.1892,,371,168063.1511,,371,161232.2385
372,187739.6797,,372,193251.3958,,372,174829.3158
373,151142.0952,,373,158450.9716,,373,149564.8064
374,212838.1613,,374,217304.7163,,374,217561.3708
375,188511.3613,,375,192450.6749,,375,193665.4934
376,85196.27473,,376,85551.03781,,376,90752.04371
377,160665.244,,377,167597.9531,,377,170592.8524
378,68835.11872,,378,75106.19047,,378,77304.98818
379,144821.2792,,379,143056.8562,,379,150733.6924
380,139985.1415,,380,138064.5172,,380,145718.5162
381,109425.1695,,381,106366.2924,,381,107011.5437
382,133398.4815,,382,133352.5337,,382,142589.8848
383,136326.7093,,383,133418.2103,,383,113409.9851
384,154796.2171,,384,161836.9799,,384,153436.1091
385,168939.9026,,385,166055.9185,,385,175677.9321
386,200696.0915,,386,203011.6057,,386,156716.794
387,-6257.364868,,387,-12183.95785,,387,-31487.51726
388,106631.3325,,388,108090.4414,,388,58919.07498
389,131424.6257,,389,129225.3307,,389,136485.6673
390,175212.872,,390,183651.7924,,390,181236.6939
391,132422.005,,391,132327.4825,,391,138795.43
392,123411.3276,,392,120932.9509,,392,124867.0641
393,183500.7787,,393,181247.6065,,393,187405.3838
394,171127.1886,,394,169818.297,,394,145588.4805
395,222241.2974,,395,226331.8067,,395,227896.7352
396,175655.0245,,396,187999.5786,,396,146492.3163
397,157987.4757,,397,168677.6029,,397,119753.3847
398,133084.0091,,398,133720.9593,,398,70875.32042
399,140063.8712,,399,138377.0054,,399,137672.0278
400,131546.7436,,400,132094.2906,,400,70267.40638
401,271865.4119,,401,284920.2164,,401,282856.7111
402,267659.4578,,402,280563.1841,,402,276007.9281
403,267699.1974,,403,280604.3512,,403,276072.6382
404,288061.9544,,404,283473.3539,,404,279967.9696
405,294959.0971,,405,290363.8107,,405,292137.2479
406,244068.4603,,406,239745.6472,,406,242306.3428
407,281662.5668,,407,278555.14,,407,281478.8119
408,199172.9837,,408,195326.3407,,408,197616.3002
409,224949.6764,,409,220018.1944,,409,223923.9938
410,249570.8784,,410,245434.7669,,410,249478.8729
411,158598.2058,,411,161825.6892,,411,166685.3
412,229730.0829,,412,233302.0318,,412,261176.551
413,127261.1766,,413,129092.1817,,413,137928.9789
414,224412.5647,,414,221394.0597,,414,228620.7656
415,182906.8024,,415,188035.6115,,415,189762.2291
416,217959.8208,,416,214741.4081,,416,218899.9763
417,223317.6322,,417,220249.2162,,417,225110.0504
418,122833.3356,,418,120386.007,,418,132386.0383
419,117019.3625,,419,118510.21,,419,125779.6454
420,234086.7964,,420,231442.3771,,420,234440.2207
421,263613.6065,,421,269969.2269,,421,269971.2792
422,201696.8129,,422,205885.2967,,422,206550.2284
423,216263.4701,,423,221298.398,,423,223045.3271
424,254092.796,,424,250211.493,,424,254593.3361
425,282017.8297,,425,278938.3248,,425,282493.6625
426,213590.8609,,426,210200.4227,,426,213739.8104
427,257290.3553,,427,253439.6317,,427,255215.0353
428,152248.8239,,428,155899.867,,428,160309.9685
429,112964.665,,429,114416.8913,,429,117973.4255
430,136644.8353,,430,133632.2077,,430,113072.3084
431,84128.26787,,431,82310.48577,,431,89230.70282
432,154366.9023,,432,153440.4858,,432,148562.4438
433,190410.4724,,433,190109.2153,,433,196490.5143
434,169534.1515,,434,169312.7352,,434,158632.4512
435,129014.0151,,435,133050.9547,,435,132549.4394
436,124401.4684,,436,123803.6086,,436,126832.6793
437,140942.9387,,437,144671.1602,,437,144355.8464
438,165222.4352,,438,169193.1546,,438,157887.2819
439,170558.9416,,439,177473.9178,,439,179798.9101
440,150748.7927,,440,157807.2908,,440,165237.4697
441,154165.5689,,441,150635.3748,,441,159961.3418
442,249847.0575,,442,261434.9898,,442,245356.0013
443,136392.0277,,443,136431.717,,443,143889.7272
444,208809.3291,,444,209277.9079,,444,217036.6988
445,161318.7852,,445,168949.4197,,445,182307.7302
446,228971.5489,,446,229107.2413,,446,211837.8445
447,122029.6819,,447,124307.6557,,447,125045.298
448,133426.6833,,448,137436.5309,,448,137109.9677
449,133559.8647,,449,137574.4962,,449,137326.8341
450,196195.449,,450,204566.5251,,450,182801.9352
451,305825.4754,,451,314779.6738,,451,299072.5851
452,174309.5698,,452,187023.4326,,452,181028.1507
453,61055.69354,,453,60594.84341,,453,71411.18161
454,254115.7961,,454,250187.9823,,454,246561.1167
455,21399.10803,,455,20848.58259,,455,3902.389741
456,255253.7651,,456,260274.6652,,456,262415.6368
457,143953.2425,,457,142369.9184,,457,148622.6633
458,171746.7477,,458,173691.9614,,458,165880.5653
459,182337.7281,,459,181801.7236,,459,187944.8158
460,331790.2111,,460,328107.1268,,460,337376.5343
461,291363.884,,461,286668.281,,461,290989.6707
462,215676.3222,,462,229474.1299,,462,203339.4608
463,229850.3139,,463,226702.7914,,463,240932.9473
464,222843.6988,,464,228516.2174,,464,221481.4603
465,321444.3093,,465,317706.2409,,465,319893.2966
466,131938.2622,,466,133930.7012,,466,144472.5177
467,161431.588,,467,160603.8169,,467,159887.7131
468,108356.95,,468,111654.4802,,468,120343.367
469,138093.9871,,469,135475.6843,,469,109464.0501
470,111662.6379,,470,111003.1262,,470,115803.574
471,121844.7638,,471,125305.2997,,471,131006.8281
472,149602.384,,472,159780.7631,,472,165310.9679
473,174604.2221,,473,177973.2995,,473,180525.662
474,156045.6023,,474,159824.3736,,474,162152.6487
475,175498.9003,,475,178900.1146,,475,181982.5149
476,182497.9339,,476,186524.165,,476,192921.7101
477,164975.136,,477,163936.5807,,477,171632.291
478,260824.78,,478,257060.3125,,478,256363.4776
479,221779.0381,,479,216724.1803,,479,217212.0301
480,178957.4122,,480,182683.2658,,480,186679.8119
481,181588.9593,,481,186850.6266,,481,191454.1231
482,228144.4269,,482,223297.4175,,482,224181.1621
483,284910.1089,,483,293896.879,,483,293273.6971
484,315478.6356,,484,311560.5762,,484,315779.4476
485,216751.5123,,485,208934.826,,485,232795.2738
486,291110.4102,,486,286380.5274,,486,286466.0077
487,236557.0406,,487,235974.1696,,487,264930.1017
488,245011.6274,,488,244750.6769,,488,250051.6727
489,204419.4892,,489,204906.4656,,489,211437.2607
490,285238.4755,,490,284216.2622,,490,291435.0601
491,254421.4026,,491,252364.4281,,491,258480.2352
492,173471.448,,492,170723.6029,,492,178707.6612
493,227178.9503,,493,234192.8575,,493,212285.118
494,128359.5301,,494,133433.1879,,494,139415.8123
495,290399.2051,,495,306424.4527,,495,306291.9328
496,192762.2813,,496,190622.3529,,496,196238.1757
497,281129.6954,,497,287947.4956,,497,288785.4837
498,157489.2312,,498,164183.2881,,498,166998.8947
499,95771.13013,,499,96424.45336,,499,106253.6276
500,109390.5455,,500,106476.0396,,500,113058.2907
501,116487.3202,,501,116397.7644,,501,116648.5279
502,118477.567,,502,120534.2852,,502,121528.2867
503,113455.5421,,503,116691.825,,503,116762.9833
504,159010.9052,,504,163242.2942,,504,162934.635
505,174250.7154,,505,171654.0385,,505,172886.4754
506,258695.9986,,506,254857.0142,,506,259333.2052
507,342444.5226,,507,341380.2483,,507,341934.9264
508,320698.9074,,508,316944.2801,,508,320347.7169
509,353721.9328,,509,359100.1277,,509,357554.004
510,369532.4519,,510,375862.843,,510,371423.4576
511,311823.7368,,511,316023.3866,,511,314828.5535
512,249678.6786,,512,255788.9451,,512,253827.7053
513,273089.8098,,513,280196.009,,513,277586.4854
514,395165.0786,,514,391762.316,,514,394328.0417
515,256754.7958,,515,252794.9136,,515,257333.2889
516,310970.6641,,516,319091.8913,,516,319045.6753
517,325849.9748,,517,332221.441,,517,332197.1996
518,307878.1954,,518,303709.0447,,518,304263.0808
519,212653.423,,519,209247.5548,,519,215192.2555
520,299791.11,,520,295340.2015,,520,295239.195
521,228931.3583,,521,224110.7913,,521,225164.6726
522,228931.3583,,522,224110.7913,,522,225164.6726
523,186585.4273,,523,190056.2397,,523,187048.4221
524,211008.0758,,524,207587.7473,,524,206207.2808
525,218831.4888,,525,215922.4043,,525,207937.8538
526,189341.6821,,526,185334.472,,526,181784.3427
527,164752.0437,,527,168065.9148,,527,169975.4868
528,200660.2983,,528,204767.5073,,528,204987.8317
529,214317.3783,,529,221194.0311,,529,220312.7874
530,207982.8308,,530,206502.6122,,530,209549.4445
531,216385.921,,531,221081.8204,,531,219794.3343
532,179333.0845,,532,181198.8519,,532,182522.9167
533,243839.383,,533,252993.2052,,533,253402.9965
534,198171.7857,,534,201359.6724,,534,200412.0511
535,266542.9279,,535,272107.3903,,535,270193.3982
536,308043.4062,,536,309641.9118,,536,308184.1324
537,297291.6424,,537,294730.3661,,537,296281.5774
538,233950.7351,,538,240766.3728,,538,241310.8002
539,290384.9748,,539,302982.6488,,539,302339.2478
540,237720.7842,,540,244956.1538,,540,243381.9901
541,233737.0526,,541,231011.5253,,541,236952.8048
542,257911.7676,,542,258713.03,,542,259371.3393
543,240180.8861,,543,244000.7307,,543,243488.2808
544,244230.3295,,544,239916.2496,,544,243046.5514
545,234130.0378,,545,229502.5303,,545,231603.4658
546,263880.22,,546,260198.9944,,546,263127.8293
547,193325.0453,,547,189279.264,,547,192596.0099
548,176349.4753,,548,181426.423,,548,184198.9652
549,202776.4991,,549,206503.4979,,549,210035.9772
550,170052.4406,,550,167194.9193,,550,175285.1328
551,189890.2229,,551,185741.4945,,551,190339.2995
552,166575.9966,,552,171278.5818,,552,173260.6396
553,176194.9919,,553,180657.6048,,553,182589.4839
554,204269.1577,,554,208024.4416,,554,212720.5394
555,173271.6768,,555,178144.0938,,555,179939.763
556,201761.2735,,556,206036.4319,,556,206003.6417
557,122455.5841,,557,119966.5927,,557,127183.379
558,115264.6218,,558,118785.4659,,558,127540.1642
559,112818.83,,559,110017.9821,,559,117091.7108
560,108101.6934,,560,105140.8918,,560,110959.5829
561,201213.3842,,561,199382.128,,561,210833.6639
562,155167.2322,,562,157409.7801,,562,161744.4899
563,236744.3288,,563,248664.722,,563,228006.0217
564,352467.5678,,564,358306.1311,,564,355909.682
565,191269.0057,,565,187158.7071,,565,187373.7147
566,133885.814,,566,135224.1534,,566,135600.7608
567,172809.7286,,567,174310.9424,,567,172218.395
568,156837.1763,,568,160658.8474,,568,158458.4704
569,280044.4616,,569,274989.4075,,569,272098.6629
570,249228.6288,,570,243140.2917,,570,242099.0406
571,259429.3025,,571,253667.6051,,571,252215.2919
572,272255.5301,,572,266904.2015,,572,264879.0978
573,171464.305,,573,173193.3534,,573,170435.1232
574,207970.564,,574,212681.4639,,574,213684.9413
575,219184.7943,,575,219653.196,,575,216228.5687
576,220204.5394,,576,220894.5517,,576,217362.327
577,320903.9843,,577,324420.2967,,577,294879.5809
578,224086.3143,,578,219146.5614,,578,223172.6696
579,344429.775,,579,350514.4749,,579,326811.506
580,271749.2308,,580,277115.8655,,580,275331.7324
581,209791.628,,581,214009.7986,,581,213685.7413
582,193666.5456,,582,193640.0851,,582,200362.4051
583,221607.572,,583,220395.7711,,583,225573.2842
584,243552.3107,,584,245313.5927,,584,253711.0881
585,185872.2314,,585,187502.082,,585,193897.2442
586,135495.3832,,586,142089.4253,,586,146708.5802
587,118992.5829,,587,120575.2383,,587,127991.9549
588,195321.871,,588,195178.7889,,588,201509.0849
589,205455.3941,,589,211361.7028,,589,214985.1354
590,97782.34599,,590,96341.70557,,590,58275.82915
591,135676.7483,,591,133615.2308,,591,140966.9098
592,141124.5409,,592,143406.8175,,592,152877.3959
593,65085.99452,,593,71079.88671,,593,72550.00923
594,168293.671,,594,169722.9048,,594,167644.4659
595,142152.985,,595,147934.8891,,595,122816.1647
596,125772.1061,,596,123383.2718,,596,129485.7684
597,211473.0571,,597,222065.6671,,597,228066.9255
598,138686.4388,,598,134635.6242,,598,140534.9515
599,165197.0249,,599,168594.8935,,599,167789.9299
600,205009.0738,,600,205673.6358,,600,205662.3313
601,135289.7035,,601,133217.9318,,601,140932.4489
602,112986.7733,,602,112580.4904,,602,115176.1718
603,140488.9122,,603,140661.1676,,603,148177.7654
604,124044.1044,,604,121559.3421,,604,132699.1508
605,209402.6592,,605,209253.824,,605,181675.8699
606,147387.9315,,606,144744.9414,,606,71160.97138
607,205915.6756,,607,206118.0976,,607,213040.0134
608,66834.74508,,608,68140.46643,,608,40036.13732
609,123507.3323,,609,130996.0977,,609,137598.6096
610,67174.15924,,610,68971.38343,,610,77055.29108
611,149510.0762,,611,150192.1122,,611,140967.4702
612,127686.3479,,612,127691.4071,,612,130257.7083
613,209933.504,,613,210599.5717,,613,217317.9469
614,162724.9241,,614,161713.2786,,614,170592.6536
615,113674.3863,,615,115058.9465,,615,122596.823
616,148903.7941,,616,149340.3676,,616,155684.0077
617,125363.0823,,617,122962.8396,,617,129355.9395
618,155600.4592,,618,158939.4705,,618,160679.2288
619,147006.4027,,619,147632.4196,,619,151139.9533
620,153810.3413,,620,154221.3794,,620,157326.6544
621,199420.0009,,621,199397.8543,,621,203892.6386
622,146777.9225,,622,152682.034,,622,145095.3222
623,108824.7063,,623,110053.6733,,623,117738.3307
624,133480.9833,,624,131339.4991,,624,137212.691
625,138349.3328,,625,136173.8537,,625,101159.8325
626,136535.1129,,626,142340.1391,,626,141662.3169
627,121949.6202,,627,125543.2372,,627,127414.7592
628,86403.86908,,628,80658.94829,,628,85427.98316
629,158831.3472,,629,166296.1032,,629,168662.0842
630,123912.3812,,630,132363.3531,,630,139298.2726
631,127696.6046,,631,134944.4186,,631,126882.9291
632,155506.8707,,632,161130.6184,,632,162229.8258
633,172199.4289,,633,169723.4808,,633,168663.5964
634,168509.9378,,634,172640.3292,,634,177903.7264
635,102855.1362,,635,102569.9086,,635,90863.15855
636,116794.423,,636,125998.8923,,636,132461.326
637,145398.3157,,637,151078.5347,,637,156022.96
638,-9838.514459,,638,-10843.42293,,638,208.4040717
639,96472.15463,,639,90734.69357,,639,48087.15584
640,145708.4671,,640,151194.7017,,640,153354.2039
641,182138.0281,,641,190638.4045,,641,187494.1958
642,105488.8219,,642,110049.832,,642,101846.3739
643,197207.6171,,643,206606.2844,,643,190350.9632
644,140495.5987,,644,153367.322,,644,144327.6055
645,35106.0371,,645,30498.64039,,645,38906.29764
646,266829.5861,,646,279950.7977,,646,280256.9567
647,124918.41,,647,124592.6677,,647,132832.6641
648,103021.1239,,648,104307.3736,,648,102753.3589
649,135491.6318,,649,137821.4769,,649,138628.4195
650,204086.4612,,650,209755.1513,,650,189006.3514
651,161179.3662,,651,165485.5273,,651,162618.8356
652,121362.373,,652,126675.7929,,652,124004.152
653,149845.4733,,653,159950.6077,,653,156359.619
654,181778.5898,,654,189409.9767,,654,189867.8362
655,119327.233,,655,120888.2094,,655,127452.4278
656,165335.928,,656,172505.6548,,656,174879.3906
657,153083.2675,,657,154107.4959,,657,150260.3457
658,148966.4767,,658,149600.5139,,658,153321.2994
659,113908.5543,,659,121149.4123,,659,125177.8637
660,,,660,,,660,
661,90434.55557,,661,97441.32913,,661,107074.3207
662,83474.99239,,662,83275.1233,,662,54364.21017
663,225045.7396,,663,229350.4949,,663,216674.0381
664,171848.3359,,664,177241.6285,,664,172890.0045
665,180835.7065,,665,181792.8032,,665,168241.9097
666,212402.0891,,666,223801.679,,666,226558.6348
667,170017.0334,,667,180471.8985,,667,180560.9264
668,125831.7014,,668,123609.0486,,668,129165.4959
669,167394.5612,,669,173429.875,,669,177580.6273
670,208232.0937,,670,214924.9946,,670,215831.9309
671,136424.4487,,671,140320.0416,,671,147029.1111
672,154437.6646,,672,155218.0834,,672,161179.7111
673,149740.9795,,673,152354.4915,,673,155137.9802
674,99732.41402,,674,103324.6094,,674,100319.9745
675,72186.85667,,675,73067.21525,,675,67910.5788
676,131087.4095,,676,130973.0678,,676,138494.9126
677,132745.9255,,677,132848.504,,677,137659.2728
678,160211.6255,,678,157198.2906,,678,161629.2181
679,127996.9741,,679,129853.6795,,679,139007.9609
680,141132.2563,,680,144632.2377,,680,125992.4856
681,131864.9835,,681,129681.5062,,681,137202.7258
682,132433.0376,,682,130377.2616,,682,133216.3436
683,143727.0598,,683,139563.4476,,683,155139.1224
684,125616.7668,,684,129474.4345,,684,138677.585
685,172616.7802,,685,176454.7196,,685,178288.7771
686,171669.8416,,686,167936.5691,,686,140657.5354
687,129978.2153,,687,136786.3668,,687,130017.1507
688,120293.6604,,688,124057.3017,,688,132283.2226
689,237903.3576,,689,237421.9708,,689,248593.1975
690,154917.8529,,690,153871.5256,,690,153024.8745
691,189584.4268,,691,193342.4842,,691,209603.2754
692,174649.3329,,692,175918.3794,,692,182533.4985
693,111313.0832,,693,108467.6351,,693,116188.8631
694,150145.2685,,694,158707.1535,,694,164538.5641
695,241867.9928,,695,256810.356,,695,253518.3338
696,234122.9294,,696,231439.7985,,696,234083.6658
697,235288.2754,,697,243027.6899,,697,232652.0799
698,224045.5592,,698,228755.7347,,698,202439.1163
699,175918.7887,,699,177875.7191,,699,181143.1888
700,258226.315,,700,254358.4192,,700,256602.3027
701,348734.5828,,701,345877.6493,,701,346444.2721
702,299980.2518,,702,295577.3228,,702,297174.2831
703,247769.0901,,703,243774.5721,,703,242847.5461
704,202759.5177,,704,203865.389,,704,190050.5982
705,127253.6583,,705,129084.3933,,705,137916.7364
706,213627.9543,,706,210238.4837,,706,213740.6331
707,184763.5987,,707,190479.3602,,707,194529.999
708,195720.5379,,708,199583.3858,,708,200650.5386
709,214248.4126,,709,218943.7298,,709,221494.9366
710,137687.4989,,710,138345.8973,,710,134068.2037
711,133093.3132,,711,133027.6472,,711,140663.0782
712,166547.5639,,712,168839.2938,,712,147981.0338
713,244731.671,,713,250241.7811,,713,249290.1951
714,288100.6322,,714,288523.2291,,714,287247.5303
715,280204.3317,,715,277078.8471,,715,281989.8003
716,246693.0293,,716,255149.4374,,716,254750.7613
717,233130.9986,,717,236430.7053,,717,236191.3262
718,129671.254,,718,125482.5454,,718,129012.4336
719,229934.1489,,719,228985.6832,,719,233293.2056
720,217327.4737,,720,214061.039,,720,218156.1411
721,231812.9402,,721,231098.1909,,721,236292.6997
722,208950.1273,,722,205432.6126,,722,209253.7353
723,133504.1763,,723,131372.6466,,723,138739.9203
724,115479.8313,,724,113829.482,,724,97573.32397
725,160194.1201,,725,159074.7845,,725,163730.9963
726,160347.2796,,726,159405.9397,,726,162237.8942
727,155256.3316,,727,162485.4056,,727,165813.3126
728,338002.2203,,728,353699.9481,,728,210979.9963
729,80278.57657,,729,80432.15471,,729,35908.09076
730,81173.25475,,730,81358.9698,,730,37364.94373
731,75939.40212,,731,73861.04213,,731,81377.55266
732,114077.1681,,732,119704.807,,732,128851.0889
733,107567.6053,,733,114402.9225,,733,81231.92555
734,92114.1897,,734,90600.01556,,734,98512.51514
735,98166.56039,,735,100320.0813,,735,73248.91164
736,109893.3125,,736,116145.3057,,736,121510.4036
737,212934.8889,,737,216118.752,,737,211963.4036
738,194095.9671,,738,204786.3856,,738,206443.8486
739,150130.2788,,739,154541.9383,,739,157554.1199
740,155595.7281,,740,159655.2409,,740,168364.1544
741,220401.9295,,741,230061.9632,,741,232332.7534
742,166164.1284,,742,166120.3771,,742,166290.4142
743,178095.7399,,743,186125.5525,,743,177219.0404
744,136145.0214,,744,136077.4546,,744,138571.5634
745,156403.4494,,745,153086.3033,,745,158064.3363
746,233802.4469,,746,239921.8078,,746,223835.7862
747,241488.7806,,747,256519.3345,,747,243669.2975
748,227599.1965,,748,228553.4928,,748,243939.6554
749,122186.4923,,749,124470.0987,,749,125300.6408
750,143837.623,,750,146404.1869,,750,152102.7362
751,143282.2594,,751,148822.5142,,751,151995.3527
752,125966.1915,,752,131526.9238,,752,137796.814
753,144730.9596,,753,148868.7139,,753,130438.7284
754,107208.6985,,754,109100.0061,,754,99507.56847
755,177270.1763,,755,183771.3342,,755,186324.4151
756,-15072.31833,,756,-12969.23694,,756,-29190.24276
757,90831.08648,,757,99394.66241,,757,75692.45144
758,77053.74896,,758,83140.26497,,758,75350.8791
759,71552.10191,,759,75017.69841,,759,90259.51435
760,254115.7961,,760,250187.9823,,760,246561.1167
761,228723.0144,,761,225892.3446,,761,223355.1211
762,283216.8754,,762,282471.4126,,762,285373.1212
763,212038.5927,,763,216793.2297,,763,218592.7317
764,138718.9869,,764,144797.6846,,764,106538.0339
765,165051.1706,,765,165860.7853,,765,172325.3724
766,212563.09,,766,211609.6592,,766,202748.5731
767,252702.0771,,767,248700.6644,,767,251749.1542
768,237665.2007,,768,240887.7427,,768,242957.0131
769,123521.7774,,769,128291.3542,,769,117248.4013
770,197673.2319,,770,201125.4469,,770,204350.6117
771,200286.3295,,771,198398.0577,,771,205451.4866
772,183332.3811,,772,180922.3229,,772,192083.7197
773,243373.7301,,773,239051.5279,,773,242630.7032
774,211827.7034,,774,210305.5928,,774,213281.655
775,275248.9524,,775,271651.9652,,775,281733.9552
776,293670.9803,,776,290948.9247,,776,293525.869
777,206853.2303,,777,203247.4105,,777,207117.7933
778,132916.6745,,778,130764.0417,,778,137783.2594
779,162177.025,,779,159031.5102,,779,161627.0674
780,123237.1333,,780,122705.9311,,780,133610.348
781,124308.3849,,781,123940.2984,,781,128502.9299
782,130513.3018,,782,138049.0963,,782,123337.1302
783,72045.48221,,783,78140.5394,,783,82097.5386
784,68226.59897,,784,72232.49413,,784,72539.54077
785,149282.4692,,785,149857.8499,,785,160771.3061
786,131358.3515,,786,140449.0775,,786,142612.6201
787,107206.3096,,787,108380.4274,,787,115639.2143
788,108317.4179,,788,107446.0817,,788,114081.7829
789,118081.7102,,789,117593.0219,,789,126695.769
790,203561.3349,,790,202558.9599,,790,213270.266
791,208411.871,,791,208856.6867,,791,214840.4546
792,146571.5399,,792,149283.5413,,792,136498.6002
793,166732.8473,,793,171651.0558,,793,151383.7777
794,180235.0395,,794,184628.7309,,794,185573.356
795,185472.5622,,795,188930.0349,,795,189585.5154
796,208015.1287,,796,218458.4015,,796,215923.3916
797,192096.1254,,797,188053.967,,797,191936.97
798,174400.1606,,798,178256.8426,,798,179606.1392
799,177293.5943,,799,176454.2546,,799,196138.8462
800,211485.5454,,800,206122.7382,,800,206122.58
801,225497.5768,,801,220578.5984,,801,220585.2661
802,285023.651,,802,294441.1277,,802,292169.581
803,406223.7792,,803,404781.8263,,803,445052.0346
804,190858.3739,,804,191287.5378,,804,203743.66
805,281702.2717,,805,276670.2037,,805,276984.9206
806,321815.3181,,806,320032.5598,,806,322896.6197
807,346301.0786,,807,341999.6013,,807,330561.1788
808,178149.0633,,808,175542.6039,,808,181975.2437
809,191517.7669,,809,198378.2154,,809,203390.4342
810,239178.3387,,810,238950.6938,,810,238741.1832
811,217979.0064,,811,222895.8163,,811,211365.7147
812,170076.7668,,812,169340.2226,,812,176206.8054
813,181688.1411,,813,179363.9884,,813,181129.4844
814,184685.3107,,814,181559.9114,,814,207193.0214
815,204298.5731,,815,202867.2663,,815,203237.5524
816,196223.7588,,816,203399.5407,,816,205070.8793
817,153454.6272,,817,154947.6945,,817,139998.3443
818,114531.7894,,818,111783.7146,,818,118451.1308
819,102859.0048,,819,105849.7361,,819,120744.8577
820,175834.9515,,820,173126.0317,,820,175049.3884
821,184921.8776,,821,182408.8893,,821,191652.9796
822,125868.9803,,822,128730.8182,,822,129481.5839
823,136905.1426,,823,137850.0009,,823,137582.1385
824,175928.2718,,824,175455.1249,,824,177416.4921
825,122506.2642,,825,122092.418,,825,128666.5221
826,305193.7202,,826,300980.9223,,826,302392.4446
827,268402.1921,,827,264870.991,,827,268465.532
828,311434.6254,,828,309319.8557,,828,312665.9692
829,353589.7316,,829,357316.9185,,829,356199.1875
830,285266.6744,,830,294966.9014,,830,292227.1989
831,354744.7915,,831,350269.3161,,831,350661.9331
832,377378.1291,,832,375439.7801,,832,376775.2969
833,348041.2881,,833,354512.2626,,833,351990.1806
834,381925.6223,,834,378180.126,,834,382563.6511
835,290622.6375,,835,292951.3778,,835,297023.6367
836,250566.5668,,836,256799.443,,836,253564.6931
837,305762.8693,,837,301525.7371,,837,304844.1773
838,331827.8725,,838,341494.2747,,838,338943.2161
839,284969.5372,,839,292304.0793,,839,297221.9133
840,238042.1138,,840,241842.2593,,840,243479.9801
841,233587.0136,,841,230842.9621,,841,234563.6615
842,268208.3042,,842,264660.2874,,842,266541.1936
843,255308.3491,,843,256119.8716,,843,257443.0957
844,172279.0425,,844,169455.1641,,844,171344.3573
845,172281.1906,,845,169457.3894,,845,171347.8551
846,180549.3641,,846,178000.6649,,846,181236.6591
847,247318.6409,,847,243081.1968,,847,242475.0352
848,278165.6955,,848,273019.3634,,848,273311.3701
849,227219.7066,,849,222344.2243,,849,223449.9106
850,206533.9285,,850,202894.3831,,850,202963.5671
851,169641.9886,,851,173330.9009,,851,180604.6325
852,165598.7163,,852,169494.739,,852,173017.4235
853,182720.8116,,853,186004.0208,,853,190350.7069
854,160729.6312,,854,164364.8068,,854,167152.0995
855,171993.2807,,855,178610.9522,,855,180577.2294
856,183491.9159,,856,181062.0483,,856,188173.0025
857,161143.6201,,857,164744.5151,,857,167117.5371
858,182310.0172,,858,184460.0353,,858,185592.5205
859,198795.9632,,859,197029.912,,859,200441.5363
860,244893.2907,,860,240907.08,,860,231577.8875
861,193818.8255,,861,189773.2676,,861,190540.2899
862,185961.6703,,862,182232.4274,,862,178957.8166
863,173422.1659,,863,175074.5805,,863,163059.1392
864,225822.3342,,864,222860.6275,,864,226823.93
865,175531.2673,,865,177363.0657,,865,165381.1715
866,211912.5486,,866,218368.0919,,866,217350.0357
867,215657.4041,,867,222524.7062,,867,221416.9408
868,179631.073,,868,183857.7959,,868,185406.7778
869,178677.2878,,869,182262.3172,,869,184415.9629
870,314365.8664,,870,319254.9312,,870,318882.2409
871,351571.2885,,871,361925.7505,,871,344960.8964
872,296903.6494,,872,304856.5908,,872,301779.6788
873,247327.142,,873,256590.4564,,873,253936.8948
874,265595.0224,,874,271840.9518,,874,271469.9023
875,289436.6326,,875,297407.9389,,875,293664.8916
876,212037.0442,,876,210683.0902,,876,215708.3476
877,253953.6141,,877,249958.8771,,877,253994.0641
878,251627.1643,,878,247570.9669,,878,250416.6937
879,345104.1141,,879,340211.761,,879,341111.4912
880,225451.0095,,880,222446.0898,,880,226439.1177
881,250369.3755,,881,246247.3518,,881,248395.9682
882,221209.0433,,882,218082.803,,882,220523.5645
883,221460.7469,,883,227276.2921,,883,227513.6076
884,253492.9167,,884,254220.1521,,884,254298.7811
885,231128.6955,,885,226388.5164,,885,228981.0299
886,206061.847,,886,202430.8843,,886,206365.3477
887,232607.262,,887,235973.9895,,887,235247.7852
888,141141.5579,,888,147020.111,,888,151394.766
889,243467.749,,889,247458.5097,,889,248689.9584
890,256197.017,,890,252286.7263,,890,254879.1067
891,267545.2922,,891,263986.5949,,891,267606.402
892,228206.388,,892,238763.0492,,892,238761.2328
893,156935.9882,,893,153634.6872,,893,158395.2914
894,186193.163,,894,181918.5681,,894,185451.1683
895,136513.7238,,895,134489.5676,,895,143521.3727
896,218102.4428,,896,214896.8534,,896,216311.0604
897,186498.2025,,897,192359.6641,,897,193194.2677
898,143676.4794,,898,145672.6651,,898,148853.0799
899,110873.893,,899,108001.7235,,899,113686.3504
900,129565.8718,,900,131461.4189,,900,138702.913
901,269865.9603,,901,279494.5231,,901,281896.0927
902,129268.6934,,902,127005.092,,902,135119.8726
903,161500.8845,,903,162550.6477,,903,171495.1717
904,230355.867,,904,225573.3336,,904,225339.4507
905,207593.1244,,905,202094.961,,905,201532.2527
906,246108.3049,,906,241926.9819,,906,238413.959
907,201885.0168,,907,198097.8195,,907,198551.1537
908,247733.0659,,908,243511.9675,,908,243388.1801
909,154506.3302,,909,157821.463,,909,155867.0228
910,158385.9199,,910,162364.5472,,910,159964.4325
911,205956.3301,,911,202349.6409,,911,204318.3658
912,252087.9533,,912,256829.4407,,912,253998.4867
913,275118.7722,,913,282061.2251,,913,278997.6648
914,246850.1707,,914,242617.7906,,914,245286.9111
915,299436.8085,,915,301550.69,,915,289298.9388
916,350227.5491,,916,349411.6144,,916,352908.0734
917,161975.7006,,917,161371.7261,,917,158765.4359
918,226825.813,,918,237636.1748,,918,220007.7068
919,155495.5034,,919,154432.95,,919,155864.7323
920,179989.8648,,920,177445.5138,,920,184317.357
921,225758.0748,,921,227816.323,,921,212417.8427
922,233042.8135,,922,232361.2956,,922,236508.0135
923,235517.7105,,923,243666.937,,923,247338.6836
924,163277.4938,,924,164356.1026,,924,172416.4227
925,155915.9268,,925,152595.4983,,925,159594.0391
926,130719.8365,,926,130860.759,,926,130752.9985
927,90519.81206,,927,91153.13287,,927,46381.65379
928,124606.1168,,928,122506.9015,,928,120540.2849
929,139087.2136,,929,137741.3057,,929,133588.5537
930,123162.6889,,930,124855.9623,,930,132804.2308
931,116975.6223,,931,118472.1958,,931,126899.9913
932,194104.7676,,932,192218.2318,,932,195886.1624
933,153246.5397,,933,149833.8751,,933,155843.1165
934,201177.3547,,934,215238.3065,,934,216072.3359
935,180876.8167,,935,178803.6641,,935,174571.4985
936,226986.6307,,936,230264.8438,,936,241258.7859
937,119842.7017,,937,121602.1611,,937,128449.3705
938,33946.97187,,938,28262.25015,,938,34774.69356
939,23782.04367,,939,24110.00658,,939,27213.92219
940,106797.906,,940,110035.057,,940,117089.7489
941,138688.3147,,941,138934.7686,,941,143451.7695
942,176764.454,,942,176016.084,,942,181300.2283
943,140846.0351,,943,141918.8234,,943,128192.9544
944,172908.5003,,944,170193.8185,,944,174272.5354
945,146223.6288,,945,146746.9439,,945,154000.5174
946,124096.6269,,946,123732.6095,,946,130064.6255
947,131633.3743,,947,133598.4431,,947,141295.0187
948,137670.2665,,948,135669.4106,,948,142425.7079
949,210110.5315,,949,211315.7653,,949,199260.0989
950,117279.5038,,950,114627.2083,,950,122448.7551
951,162820.9642,,951,164098.0616,,951,163611.1351
952,145537.2149,,952,143792.6707,,952,150946.2329
953,140849.432,,953,147814.6831,,953,145856.7461
954,176130.7684,,954,175359.6363,,954,180268.3636
955,147952.1874,,955,146458.43,,955,154461.3488
956,155234.6048,,956,156043.6498,,956,162477.4121
957,121537.7986,,957,125261.7195,,957,134120.8283
958,126896.0205,,958,128596.3472,,958,138906.0382
959,116041.8334,,959,113347.8235,,959,120201.5109
960,148603.7101,,960,151935.3058,,960,135521.7423
961,123927.9105,,961,121513.6965,,961,133155.5591
962,132289.8743,,962,141242.1826,,962,147906.8474
963,174364.9856,,963,180240.7384,,963,186684.3694
964,234388.4867,,964,250620.6798,,964,226850.5698
965,117922.9572,,965,124733.4013,,965,146579.79
966,146819.4976,,966,160515.7437,,966,167255.2378
967,200634.0943,,967,202938.5344,,967,191712.1845
968,117250.6512,,968,118697.8945,,968,128555.5924
969,145486.3394,,969,143902.5491,,969,150207.7607
970,131407.1624,,970,125715.064,,970,113411.1985
971,129591.6488,,971,131488.1218,,971,138744.8871
972,139990.1826,,972,140137.9561,,972,146293.2436
973,145703.6295,,973,143955.5767,,973,149668.1734
974,158645.2,,974,157312.7537,,974,162698.5339
975,92532.77665,,975,92840.0635,,975,59033.94793
976,108359.4638,,976,105407.9214,,976,111379.3245
977,114347.7946,,977,111661.8318,,977,115777.9378
978,118590.818,,978,120332.3858,,978,122675.0631
979,155177.8291,,979,157801.5378,,979,159768.8995
980,121106.9906,,980,118555.693,,980,122723.4072
981,116216.3855,,981,115584.2684,,981,119675.5206
982,127278.2565,,982,131661.2778,,982,127695.4289
983,122722.667,,983,130930,,983,138255.8319
984,87970.19444,,984,92120.9072,,984,89370.41007
985,148605.2079,,985,161036.1884,,985,164201.0867
986,236383.8737,,986,248243.0071,,986,243117.2596
987,174112.6746,,987,180340.5676,,987,175882.6764
988,116039.3918,,988,123029.8801,,988,126487.0307
989,183156.1937,,989,192990.4472,,989,194244.9326
990,124418.7721,,990,132168.818,,990,134521.9769
991,256760.4687,,991,272188.7196,,991,253462.9955
992,72092.50585,,992,73740.91682,,992,40068.78979
993,105972.4326,,993,111555.8883,,993,61210.16672
994,119978.4832,,994,123150.327,,994,122615.571
995,142219.5776,,995,147166.8231,,995,152245.204
996,124959.5825,,996,131613.0169,,996,136095.2931
997,140399.4466,,997,144270.3782,,997,146554.9969
998,113275.1535,,998,114642.4544,,998,121470.1025
999,159466.2543,,999,161170.169,,999,163009.1131
1000,131289.7445,,1000,139535.0362,,1000,134907.5694
1001,144536.2491,,1001,150700.2715,,1001,153019.3093
1002,127886.9093,,1002,131309.0589,,1002,129104.8296
1003,219026.9795,,1003,234433.5861,,1003,235221.3266
1004,159536.4562,,1004,166070.9867,,1004,171414.1663
1005,131461.6193,,1005,132843.68,,1005,128768.6474
1006,173868.2061,,1006,177316.9269,,1006,178226.2526
1007,115040.4078,,1007,112997.2331,,1007,101427.5854
1008,125723.6107,,1008,121366.025,,1008,123975.3041
1009,221806.5916,,1009,231236.3964,,1009,201934.5351
1010,227214.3179,,1010,241370.494,,1010,244272.2405
1011,214177.0613,,1011,222096.5887,,1011,223203.3165
1012,102435.6585,,1012,107623.4041,,1012,110182.6885
1013,107881.1699,,1013,104247.1135,,1013,103923.1716
1014,250773.6698,,1014,264345.5223,,1014,256400.5517
1015,121417.6509,,1015,125684.2516,,1015,123946.8409
1016,124269.3154,,1016,121981.9842,,1016,127276.8128
1017,168427.5143,,1017,167480.4836,,1017,173308.932
1018,101338.8389,,1018,95942.62686,,1018,106292.1152
1019,135565.7026,,1019,139835.5935,,1019,150240.4085
1020,128783.8353,,1020,124426.9389,,1020,132512.6841
1021,109889.3496,,1021,109257.9556,,1021,112613.9964
1022,113174.577,,1022,110424.2463,,1022,116695.9434
1023,117802.8433,,1023,115161.6842,,1023,122049.7882
1024,118138.4379,,1024,119670.2124,,1024,127721.0536
1025,161610.5687,,1025,160644.3929,,1025,164059.2195
1026,214086.1562,,1026,223895.1786,,1026,188943.7232
1027,179535.6337,,1027,186038.0826,,1027,184304.3589
1028,171471.1449,,1028,169256.3496,,1028,161385.837
1029,147030.128,,1029,147463.1244,,1029,156921.0117
1030,76339.05626,,1030,80261.40316,,1030,46038.11189
1031,192354.3955,,1031,190808.3652,,1031,182105.156
1032,143887.4498,,1032,147950.9738,,1032,120704.2131
1033,184138.7966,,1033,184698.4892,,1033,174337.491
1034,111652.9655,,1034,112144.7095,,1034,92103.78311
1035,262526.5817,,1035,268861.1363,,1035,224717.2456
1036,182266.256,,1036,187610.3724,,1036,191950.5606
1037,107070.6117,,1037,104072.7736,,1037,109280.6167
1038,71697.25256,,1038,71217.83571,,1038,39939.99389
1039,123736.9159,,1039,123349.032,,1039,127691.5331
1040,158456.4615,,1040,159204.7899,,1040,166115.3811
1041,154920.8954,,1041,159161.2692,,1041,165934.5045
1042,113169.7079,,1042,115734.1606,,1042,119605.5197
1043,209864.2533,,1043,214778.1009,,1043,226298.681
1044,215977.5518,,1044,221477.2974,,1044,210797.4712
1045,261264.2287,,1045,257507.6697,,1045,259191.704
1046,309369.605,,1046,307147.2304,,1046,308602.9711
1047,262399.4926,,1047,258683.7124,,1047,261040.3158
1048,229079.8288,,1048,226198.6891,,1048,231275.7075
1049,246379.1627,,1049,242148.7806,,1049,243870.1866
1050,197992.7139,,1050,194095.6231,,1050,197098.5447
1051,207519.7124,,1051,212176.1933,,1051,212930.8287
1052,213522.1497,,1052,218499.306,,1052,217985.5321
1053,263665.2862,,1053,263511.6709,,1053,238825.7602
1054,131564.9514,,1054,129389.3046,,1054,139752.6719
1055,150099.6562,,1055,154645.6395,,1055,159053.513
1056,125833.7728,,1056,127613.5055,,1056,135604.66
1057,141214.3916,,1057,139357.9892,,1057,150996.9894
1058,217994.738,,1058,222714.6458,,1058,224271.4024
1059,207531.1737,,1059,212056.6145,,1059,214899.8651
1060,201082.6904,,1060,204894.9456,,1060,206255.6565
1061,214208.1599,,1061,218546.5065,,1061,218986.5783
1062,116024.6501,,1062,113395.0571,,1062,121276.4647
1063,125624.2366,,1063,123253.2913,,1063,129634.634
1064,128667.6374,,1064,130569.0922,,1064,138715.2034
1065,127653.9859,,1065,125331.2894,,1065,132311.8212
1066,120303.5878,,1066,115750.0859,,1066,125804.0665
1067,114466.9252,,1067,113832.8552,,1067,121671.1181
1068,109003.8898,,1068,106075.4953,,1068,112428.6784
1069,77556.75372,,1069,82667.80262,,1069,70486.32775
1070,240731.1618,,1070,238222.2021,,1070,242681.7325
1071,218486.7322,,1071,223732.2706,,1071,223109.2226
1072,202186.9398,,1072,206244.7939,,1072,206558.09
1073,257885.2736,,1073,254082.5925,,1073,256460.7013
1074,297963.9339,,1074,303552.2976,,1074,303538.2378
1075,229937.8275,,1075,234755.4805,,1075,223653.9929
1076,240636.7817,,1076,236237.0392,,1076,244284.8266
1077,184210.5145,,1077,186513.2364,,1077,187840.5858
1078,191484.6223,,1078,187423.2415,,1078,190709.3481
1079,179702.8464,,1079,177135.4157,,1079,181764.7411
1080,185140.8241,,1080,187609.0921,,1080,188979.2107
1081,139150.2277,,1081,144104.7436,,1081,147973.2061
1082,118669.8609,,1082,116062.3991,,1082,123878.6496
1083,108090.9541,,1083,109131.3482,,1083,117258.7297
1084,145898.4973,,1084,150320.5266,,1084,160653.238
1085,167007.7275,,1085,166114.1646,,1085,171727.8794
1086,149907.3255,,1086,148609.9413,,1086,149693.4686
1087,162428.9065,,1087,175498.9645,,1087,129354.0572
1088,129180.8183,,1088,132961.6265,,1088,136122.9704
1089,671644.3454,,1089,677339.7063,,1089,686413.4617
1090,136644.8353,,1090,133632.2077,,1090,113072.3084
1091,120802.8598,,1091,122412.8274,,1091,129199.9072
1092,77683.59907,,1092,73594.39697,,1092,28404.6839
1093,143899.0626,,1093,144178.1221,,1093,151168.8219
1094,134736.9293,,1094,138248.5118,,1094,143351.3056
1095,75750.82177,,1095,73671.52566,,1095,82023.73339
1096,84879.63121,,1096,83093.21641,,1096,91169.13073
1097,218744.2942,,1097,233090.9301,,1097,234518.0635
1098,158690.391,,1098,157596.4178,,1098,156583.6596
1099,150701.9425,,1099,156405.768,,1099,155448.6178
1100,157813.121,,1100,163700.077,,1100,164196.6613
1101,157506.6472,,1101,164129.6828,,1101,155695.7497
1102,160124.9977,,1102,170140.3353,,1102,173730.9232
1103,204099.1486,,1103,212244.8477,,1103,212559.0134
1104,118199.2802,,1104,117821.4323,,1104,73258.04196
1105,138826.8158,,1105,146119.5737,,1105,137707.323
1106,126131.5386,,1106,129158.847,,1106,130739.9117
1107,218230.1735,,1107,214887.9461,,1107,229158.8847
1108,210717.7481,,1108,211281.5119,,1108,224493.5129
1109,122983.713,,1109,125316.1555,,1109,125478.8492
1110,172891.6587,,1110,173968.9197,,1110,185867.8137
1111,195394.0174,,1111,189516.9695,,1111,189313.143
1112,252948.764,,1112,250870.2698,,1112,261206.0106
1113,310198.5808,,1113,312487.235,,1113,210019.5522
1114,147830.3412,,1114,152850.4489,,1114,157069.5723
1115,151766.338,,1115,160355.0095,,1115,164368.9488
1116,161069.494,,1116,170021.3209,,1116,169772.5552
1117,104179.6552,,1117,105245.0553,,1117,110710.7489
1118,8059.959599,,1118,8571.90612,,1118,-8315.042152
1119,172550.1895,,1119,182494.7373,,1119,181364.4889
1120,104792.52,,1120,105719.9069,,1120,112781.3884
1121,123642.3374,,1121,129803.5753,,1121,130301.0141
1122,253781.4104,,1122,249849.9772,,1122,247386.9244
1123,174943.831,,1123,174863.3233,,1123,169582.9605
1124,163481.5643,,1124,162223.3515,,1124,170982.17
1125,217248.7414,,1125,213992.6135,,1125,220172.7638
1126,220038.6077,,1126,216903.5657,,1126,219967.0223
1127,166205.0644,,1127,163496.0067,,1127,166193.8492
1128,151199.1023,,1128,149900.9626,,1128,153613.3519
1129,218299.5588,,1129,217122.3938,,1129,218041.575
1130,244097.9861,,1130,252972.0146,,1130,189987.6281
1131,239045.5364,,1131,236470.1911,,1131,238983.6809
1132,251788.5561,,1132,247742.5598,,1132,248679.5697
1133,202630.9034,,1133,203012.9633,,1133,210380.6656
1134,225433.1095,,1134,220584.1723,,1134,220059.926
1135,289524.612,,1135,286668.9425,,1135,289276.4106
1136,194414.3784,,1136,192316.6451,,1136,196128.1844
1137,255548.2039,,1137,265613.3618,,1137,263957.7533
1138,331968.4064,,1138,326656.0272,,1138,328182.056
1139,156530.8071,,1139,162802.3858,,1139,102112.7721
1140,140080.3952,,1140,136264.1756,,1140,140294.15
1141,72227.40479,,1141,72837.27152,,1141,74178.41419
1142,68422.80083,,1142,70236.70315,,1142,72682.35173
1143,75747.13369,,1143,80632.99779,,1143,83187.64387
1144,70877.28791,,1144,69363.87411,,1144,70341.01352
1145,122579.9219,,1145,120249.7296,,1145,123697.3895
1146,189243.0179,,1146,189298.4632,,1146,194413.4109
1147,203460.616,,1147,206693.684,,1147,205788.0058
1148,134394.569,,1148,142888.7537,,1148,147909.585
1149,105554.7264,,1149,106676.8163,,1149,114141.4223
1150,167609.5539,,1150,164780.5468,,1150,172645.3236
1151,142442.4956,,1151,142844.2832,,1151,147471.5644
1152,112721.5226,,1152,114093.7472,,1152,124619.9346
1153,115850.7962,,1153,115278.8657,,1153,123235.3507
1154,176115.2458,,1154,173653.0983,,1154,175071.5481
1155,154319.2362,,1155,153057.1537,,1155,159876.0491
1156,197991.9603,,1156,198264.9788,,1156,196963.162
1157,228634.3188,,1157,229273.0129,,1157,267876.7297
1158,259822.8118,,1158,260009.4654,,1158,264803.6568
1159,165011.5125,,1159,168376.7411,,1159,170784.8756
1160,175770.7607,,1160,181102.0734,,1160,185746.4392
1161,179231.5519,,1161,185245.143,,1161,187368.2818
1162,258918.4767,,1162,263993.3715,,1162,265128.9615
1163,270735.4796,,1163,273804.4432,,1163,277088.1523
1164,335476.7673,,1164,339602.6833,,1164,339046.6459
1165,165648.889,,1165,164727.4334,,1165,169871.8514
1166,212746.9084,,1166,207420.288,,1166,206687.0628
1167,338247.5735,,1167,347540.6976,,1167,345716.9047
1168,400069.6295,,1168,413713.1125,,1168,410005.2235
1169,304146.4407,,1169,312198.6229,,1169,309315.3332
1170,379291.2273,,1170,383138.9169,,1170,382420.7439
1171,337288.6872,,1171,346710.4066,,1171,345483.7775
1172,291521.9246,,1172,286805.3639,,1172,286897.7847
1173,327263.2673,,1173,323898.8724,,1173,325666.4658
1174,159138.4829,,1174,158209.0819,,1174,160472.3658
1175,214905.4204,,1175,219767.8815,,1175,221125.5281
1176,182167.2495,,1176,177839.0082,,1176,181513.6952
1177,236895.8655,,1177,246471.3997,,1177,244852.9602
1178,188830.4448,,1178,196326.4195,,1178,180687.7321
1179,161671.0697,,1179,160613.5429,,1179,167565.8779
1180,82764.3502,,1180,78842.70855,,1180,85224.27239
1181,190388.7281,,1181,188042.1912,,1181,195669.51
1182,124700.3767,,1182,125445.4541,,1182,125939.7512
1183,125076.8998,,1183,130121.9302,,1183,131088.495
1184,122842.1714,,1184,127408.3135,,1184,128816.3136
1185,114593.5078,,1185,114092.3897,,1185,114542.9767
1186,123540.4098,,1186,124243.8211,,1186,124050.9142
1187,150275.1754,,1187,146745.928,,1187,149396.0629
1188,151169.16,,1188,154565.9962,,1188,141409.2599
1189,175747.9762,,1189,175279.8653,,1189,176963.4785
1190,157107.6559,,1190,159195.8959,,1190,158196.539
1191,343978.2032,,1191,348633.2611,,1191,349539.4675
1192,265834.4184,,1192,262238.7117,,1192,268812.2543
1193,247551.7155,,1193,245299.7605,,1193,249291.3919
1194,313290.1864,,1194,309299.3555,,1194,313169.1335
1195,293197.403,,1195,298403.2446,,1195,297161.3598
1196,307125.9875,,1196,307143.6736,,1196,305415.5689
1197,274097.7414,,1197,280144.2868,,1197,280448.5861
1198,271131.7468,,1198,279691.6167,,1198,277554.3449
1199,292955.1545,,1199,297569.2225,,1199,296434.0459
1200,304965.5399,,1200,300703.4161,,1200,304141.6278
1201,304973.6652,,1201,300716.2115,,1201,304869.8009
1202,267952.9361,,1202,268813.5013,,1202,271300.979
1203,274822.9251,,1203,269570.4922,,1203,268450.241
1204,288422.2195,,1204,283604.5331,,1204,283518.5654
1205,285052.1668,,1205,280120.725,,1205,279222.4964
1206,159852.6739,,1206,163204.5476,,1206,167047.3016
1207,187234.362,,1207,189786.6388,,1207,192363.1489
1208,182894.7478,,1208,180443.4298,,1208,187200.6013
1209,271291.7409,,1209,279734.7666,,1209,278285.1942
1210,185984.1755,,1210,188491.5454,,1210,190327.4023
1211,198760.2457,,1211,195132.7209,,1211,188921.6925
1212,212604.4558,,1212,209418.6634,,1212,202733.4992
1213,215236.6497,,1213,212208.6542,,1213,203752.381
1214,181275.6162,,1214,176824.7476,,1214,177503.2388
1215,196355.2887,,1215,199159.8211,,1215,200761.944
1216,191542.4453,,1216,197328.0642,,1216,197438.8962
1217,244340.59,,1217,253189.7877,,1217,251417.9943
1218,250251.7808,,1218,254261.4951,,1218,252121.3594
1219,268262.1241,,1219,274054.7251,,1219,270364.9826
1220,339997.8391,,1220,348669.3665,,1220,343215.9496
1221,300528.7004,,1221,310354.9786,,1221,306058.2382
1222,393057.2423,,1222,406094.7928,,1222,394565.8333
1223,287055.5439,,1223,294838.5397,,1223,291793.2996
1224,309688.6857,,1224,319092.7279,,1224,305014.0546
1225,254873.4383,,1225,258567.5852,,1225,259176.5853
1226,269764.2191,,1226,266290.6987,,1226,272113.2789
1227,249379.9322,,1227,245234.7728,,1227,248810.4737
1228,225423.1896,,1228,220499.9597,,1228,223265.1566
1229,356857.6138,,1229,359690.8429,,1229,358952.8704
1230,176258.9318,,1230,181297.8096,,1230,182756.4721
1231,161180.0945,,1231,158015.9181,,1231,162803.9018
1232,214416.6756,,1232,211062.1034,,1232,216097.3642
1233,165868.4029,,1233,162876.6444,,1233,171093.4924
1234,201156.8893,,1234,204514.5949,,1234,204890.0284
1235,192069.6183,,1235,194851.825,,1235,193446.9994
1236,186189.0552,,1236,191889.0685,,1236,193028.0502
1237,177467.026,,1237,182825.2064,,1237,184617.7914
1238,184924.2701,,1238,182519.5831,,1238,186215.729
1239,167712.6606,,1239,164755.7703,,1239,168972.8444
1240,147659.4378,,1240,150219.3166,,1240,153777.2804
1241,121071.2536,,1241,116456.2932,,1241,123051.9523
1242,162671.772,,1242,167292.444,,1242,114891.025
1243,137020.1595,,1243,137712.0792,,1243,129793.9908
1244,122678.9852,,1244,120198.0183,,1244,127547.155
1245,115694.938,,1245,115117.057,,1245,121564.5452
1246,118113.6596,,1246,117565.0166,,1246,125267.2528
1247,132268.572,,1247,132192.2538,,1247,142418.1905
1248,116213.7078,,1248,115601.5616,,1248,122947.979
1249,119050.469,,1249,118585.2809,,1249,125068.8828
1250,301275.0396,,1250,303825.1412,,1250,288026.66
1251,309625.3541,,1251,319499.3221,,1251,308257.1111
1252,182034.4668,,1252,177610.4913,,1252,178679.3378
1253,157825.4637,,1253,158798.1733,,1253,160868.1218
1254,156931.9674,,1254,160434.0007,,1254,158887.0282
1255,151330.4677,,1255,150872.004,,1255,151408.2039
1256,193036.0924,,1256,197058.8157,,1256,185169.2986
1257,251431.698,,1257,247336.8874,,1257,248338.4499
1258,147371.2516,,1258,147852.51,,1258,155879.0755
1259,208955.8624,,1259,207504.0021,,1259,212776.3405
1260,129363.7541,,1260,127098.4593,,1260,134440.5658
1261,155887.9307,,1261,162410.0617,,1261,165782.3278
1262,150671.7254,,1262,151340.2223,,1262,158860.4535
1263,113616.6093,,1263,113040.9986,,1263,117825.9396
1264,129534.527,,1264,127275.3664,,1264,134718.6446
1265,141451.4083,,1265,143737.0342,,1265,152039.3458
1266,196344.6461,,1266,199164.0857,,1266,188096.3999
1267,186315.1684,,1267,186923.3655,,1267,172003.1864
1268,134347.2578,,1268,140798.7339,,1268,145854.9664
1269,152915.0792,,1269,155573.4415,,1269,164331.3611
1270,136351.7655,,1270,138639.0496,,1270,146713.9819
1271,129561.5232,,1271,131657.283,,1271,135727.097
1272,162766.4453,,1272,163985.59,,1272,162875.917
1273,182331.6252,,1273,184180.0277,,1273,183408.6056
1274,140933.4024,,1274,139330.4808,,1274,139198.1678
1275,154357.5126,,1275,161889.8881,,1275,152225.3554
1276,120502.2233,,1276,120035.3643,,1276,128501.3168
1277,179314.0932,,1277,178648.5498,,1277,184022.0595
1278,176404.4117,,1278,173749.149,,1278,181398.3169
1279,154104.5397,,1279,154884.6681,,1279,162543.7784
1280,153074.3045,,1280,151901.4538,,1280,149485.9502
1281,177871.6617,,1281,177723.5701,,1281,174351.5288
1282,153857.3809,,1282,155028.9283,,1282,148667.9664
1283,163831.2514,,1283,162843.6565,,1283,169832.2699
1284,158111.3266,,1284,161094.8394,,1284,168204.8811
1285,130452.8159,,1285,130317.1133,,1285,140414.7527
1286,171738.5333,,1286,173477.9309,,1286,119727.649
1287,118055.4926,,1287,121118.6584,,1287,91277.91279
1288,126546.8959,,1288,124197.2027,,1288,132594.3348
1289,135900.0843,,1289,135942.5349,,1289,146425.0662
1290,121507.6521,,1290,121095.8807,,1290,133236.5941
1291,257630.1899,,1291,257724.4636,,1291,218899.3181
1292,155500.3857,,1292,154760.4236,,1292,147355.7576
1293,255917.9023,,1293,267572.5256,,1293,309594.5288
1294,156701.4043,,1294,159391.156,,1294,158151.363
1295,53050.34798,,1295,58408.59387,,1295,71276.22686
1296,44958.36118,,1296,39651.29145,,1296,49785.78826
1297,62573.49109,,1297,68757.91755,,1297,77725.65387
1298,167916.5405,,1298,178797.816,,1298,177072.1481
1299,137382.5741,,1299,142042.3219,,1299,151063.9145
1300,162570.4979,,1300,159575.6836,,1300,163155.6574
1301,167415.4126,,1301,164589.64,,1301,167171.462
1302,214395.3698,,1302,215869.8518,,1302,201279.2508
1303,184027.0988,,1303,182378.9867,,1303,123209.5807
1304,289757.1092,,1304,300864.2623,,1304,287884.2013
1305,124954.3787,,1305,132047.5238,,1305,139997.4767
1306,48299.19543,,1306,47063.78208,,1306,9867.482783
1307,176216.5362,,1307,175449.9443,,1307,180646.3381
1308,134220.6283,,1308,130018.8877,,1308,134812.0717
1309,178531.4633,,1309,176092.1998,,1309,180452.8345
1310,110553.7788,,1310,109755.8406,,1310,116591.3788
1311,124098.8553,,1311,121653.9312,,1311,127416.4872
1312,172153.8262,,1312,187094.5893,,1312,178665.107
1313,168872.1751,,1313,173957.235,,1313,178528.1697
1314,135472.1747,,1314,141966.9775,,1314,145537.4717
1315,168264.6206,,1315,176152.873,,1315,175100.6286
1316,185205.7871,,1316,190522.8735,,1316,186534.9071
1317,151108.086,,1317,156453.3889,,1317,158835.0782
1318,145446.858,,1318,155747.7481,,1318,152699.0925
1319,150728.5927,,1319,147229.1318,,1319,152338.7921
1320,108948.4238,,1320,110174.9025,,1320,116807.7947
1321,76418.77371,,1321,74881.02973,,1321,69739.28793
1322,77612.64741,,1322,83413.7177,,1322,90328.58652
1323,120373.2425,,1323,121967.7781,,1323,128500.3379
1324,143099.4982,,1324,152169.3723,,1324,155273.611
1325,23969.94294,,1325,22139.89907,,1325,32173.08336
1326,153710.874,,1326,157358.5519,,1326,158725.474
1327,51978.31767,,1327,49033.16784,,1327,54292.38127
1328,237196.6844,,1328,244532.6155,,1328,243173.7996
1329,118697.6313,,1329,125851.1539,,1329,130138.2921
1330,120871.51,,1330,118334.3751,,1330,126033.8297
1331,67352.76031,,1331,62738.81786,,1331,68080.35362
1332,192104.2458,,1332,201705.2909,,1332,199076.5604
1333,65649.71846,,1333,69053.65327,,1333,75095.86547
1334,127987.099,,1334,135070.4581,,1334,139322.5619
1335,109242.6073,,1335,106340.3006,,1335,115677.164
1336,275122.205,,1336,283617.9681,,1336,298026.7159
1337,107146.029,,1337,111876.9628,,1337,107940.4608
1338,121080.6185,,1338,131256.8472,,1338,125038.7267
1339,99510.94703,,1339,94584.20778,,1339,92459.47884
1340,147347.8281,,1340,145819.2272,,1340,151332.411
1341,144673.5993,,1341,146478.6738,,1341,141722.5358
1342,238911.5492,,1342,238255.2694,,1342,242966.5761
1343,155779.2422,,1343,157394.5605,,1343,98785.45484
1344,103059.2678,,1344,105985.7124,,1344,68595.69231
1345,103512.3641,,1345,96325.68848,,1345,98012.98743
1346,177388.6526,,1346,172823.339,,1346,175284.8031
1347,134219.5177,,1347,134198.6834,,1347,143211.8803
1348,147191.7912,,1348,147792.8239,,1348,155111.6146
1349,131244.7598,,1349,131118.8962,,1349,138665.8134
1350,160733.9209,,1350,159988.0215,,1350,153780.7098
1351,150586.9434,,1351,149307.7558,,1351,151144.7271
1352,214769.7039,,1352,213163.2045,,1352,217298.847
1353,211525.3922,,1353,209808.9243,,1353,213088.3717
1354,120858.4185,,1354,118352.9207,,1354,131255.422
1355,267994.0893,,1355,268414.7633,,1355,280290.5396
1356,129984.2216,,1356,129834.6059,,1356,140128.3433
1357,110565.2807,,1357,111915.9658,,1357,120722.2804
1358,183184.3109,,1358,186984.084,,1358,163695.447
1359,122522.8733,,1359,122646.1483,,1359,113333.6465
1360,119102.5181,,1360,119652.4108,,1360,123941.2097
1361,211880.0187,,1361,221810.7415,,1361,202495.458
1362,334583.2166,,1362,359791.475,,1362,362682.0854
1363,185561.0643,,1363,184714.23,,1363,201363.653
1364,136992.227,,1364,139771.3144,,1364,82927.26307
1365,136215.4435,,1365,140418.4255,,1365,150156.8685
1366,180587.3578,,1366,183043.23,,1366,183437.7231
1367,229441.2678,,1367,238421.2338,,1367,219052.4146
1368,193774.1597,,1368,198080.5852,,1368,200490.1259
1369,233227.3568,,1369,235585.3326,,1369,237961.7612
1370,192361.2392,,1370,188284.4864,,1370,191622.3773
1371,233929.0674,,1371,233140.3677,,1371,239056.0056
1372,257804.2591,,1372,253968.6985,,1372,256873.0808
1373,213062.1901,,1373,217435.628,,1373,219328.0916
1374,232931.8472,,1374,230164.262,,1374,233496.8184
1375,193435.8282,,1375,196704.9791,,1375,198265.8928
1376,189155.612,,1376,186906.5636,,1376,193701.6376
1377,139455.8065,,1377,139609.9253,,1377,149593.5866
1378,167061.8256,,1378,170463.6619,,1378,175024.591
1379,214281.7822,,1379,210913.2431,,1379,214388.2469
1380,203807.937,,1380,208163.7457,,1380,208461.9642
1381,214507.4202,,1381,218613.4712,,1381,222226.9636
1382,154040.2316,,1382,159065.5114,,1382,162083.6951
1383,171714.8682,,1383,171503.4728,,1383,165630.1859
1384,114297.9828,,1384,117784.1051,,1384,125966.1334
1385,205191.0257,,1385,209582.1211,,1385,208619.4301
1386,178757.6,,1386,184394.8894,,1386,186467.8579
1387,235402.2583,,1387,230827.4758,,1387,234482.6193
1388,212096.0589,,1388,217985.3203,,1388,217764.7197
1389,264195.1909,,1389,270634.144,,1389,269406.9112
1390,241630.4012,,1390,248043.2639,,1390,255687.8476
1391,225065.1034,,1391,229898.8222,,1391,230875.2121
1392,222097.5149,,1392,228426.4136,,1392,228671.4138
1393,129680.9203,,1393,125492.5591,,1393,129028.174
1394,211087.8258,,1394,207617.3296,,1394,211272.6028
1395,202610.9423,,1395,206837.0569,,1395,207358.3079
1396,193180.3939,,1396,196572.4989,,1396,197473.7065
1397,205912.0569,,1397,202275.3489,,1397,206061.8577
1398,108067.405,,1398,115342.4287,,1398,117573.87
1399,148005.9768,,1399,144485.0896,,1399,148140.4082
1400,146502.2528,,1400,142732.1829,,1400,153261.8652
1401,198104.1118,,1401,202485.8223,,1401,201632.2471
1402,139839.6438,,1402,135992.1041,,1402,141637.9918
1403,247496.3286,,1403,255572.869,,1403,254805.5643
1404,136644.8353,,1404,133632.2077,,1404,113072.3084
1405,200281.0171,,1405,203085.1545,,1405,200161.7564
1406,79431.46556,,1406,84434.77785,,1406,92048.32635
1407,153129.7557,,1407,149995.5459,,1407,151339.5238
1408,135200.4115,,1408,140211.74,,1408,145017.7593
1409,136704.5181,,1409,135492.465,,1409,123070.2345
1410,111982.1112,,1410,113213.7018,,1410,113760.1848
1411,-3880.027388,,1411,-8853.676941,,1411,1211.421928
1412,109306.0007,,1412,115239.4536,,1412,105709.2788
1413,155354.644,,1413,158363.043,,1413,163979.8552
1414,155063.3569,,1414,158557.988,,1414,159805.0285
1415,185588.5513,,1415,194374.0087,,1415,191591.5888
1416,163292.1016,,1416,173219.8542,,1416,175278.8371
1417,202343.5425,,1417,212197.4585,,1417,215511.4342
1418,147327.6461,,1418,149895.6228,,1418,155342.9065
1419,124883.3238,,1419,124552.3327,,1419,127391.608
1420,183512.1859,,1420,186833.1435,,1420,192634.2582
1421,164150.9754,,1421,170827.5209,,1421,167515.3304
1422,212528.9841,,1422,218385.4106,,1422,216436.3871
1423,200673.6113,,1423,207479.2861,,1423,198410.6768
1424,191416.9054,,1424,200422.7943,,1424,189284.4027
1425,208446.3887,,1425,222434.0973,,1425,224034.4734
1426,121513.381,,1426,121068.2486,,1426,127764.6988
1427,157790.5703,,1427,162491.5929,,1427,166668.6917
1428,59065.37899,,1428,54807.4704,,1428,52557.38665
1429,64212.30766,,1429,63839.66825,,1429,72440.34959
1430,178547.577,,1430,181981.6805,,1430,184679.7038
1431,32604.55628,,1431,32396.92935,,1431,12742.61563
1432,137354.5417,,1432,141174.9556,,1432,129498.587
1433,40908.97759,,1433,43518.57474,,1433,36155.55827
1434,264583.5569,,1434,261277.8756,,1434,251795.7037
1435,253924.5385,,1435,249990.5845,,1435,246368.8387
1436,225894.4808,,1436,226953.4087,,1436,241044.3523
1437,211518.2721,,1437,209971.7919,,1437,213672.2978
1438,246188.9802,,1438,241933.9447,,1438,244388.9944
1439,170894.1029,,1439,170286.1618,,1439,174030.4844
1440,254529.3016,,1440,254567.4254,,1440,284065.3027
1441,185824.5032,,1441,183492.5397,,1441,186799.1635
1442,289647.6467,,1442,287227.6704,,1442,281048.2009
1443,306997.2724,,1443,302791.3452,,1443,304709.396
1444,59414.93329,,1444,61391.21592,,1444,14131.52191
1445,205013.0228,,1445,201485.842,,1445,200565.6853
1446,106658.752,,1446,112547.1062,,1446,98413.96027
1447,116418.729,,1447,117921.783,,1447,126919.0279
1448,188915.466,,1448,188569.9944,,1448,195605.1559
1449,57194.61679,,1449,56573.9148,,1449,61668.4268
1450,72205.92392,,1450,72815.01905,,1450,74143.43572
1451,156218.5011,,1451,155296.2773,,1451,152957.5591
1452,74023.2497,,1452,76772.40753,,1452,78741.61795
1453,74015.73139,,1453,76764.61917,,1453,78729.37549
1454,77985.48448,,1454,85026.53454,,1454,88471.40397
1455,74410.97937,,1455,77174.06449,,1455,79372.97921
1456,160514.0764,,1456,163454.1518,,1456,178135.1046
1457,121070.913,,1457,118648.5766,,1457,124221.6007
1458,223252.6942,,1458,229206.7759,,1458,229371.6841
